epoch,loss,loss_inside,loss_outside,mse_inside,mse_outside,kl_inside,kl_outside
1,0.6726605254195472,0.6541899616468614,0.6911310903508724,0.6172818170843836,0.6497323449387442,0.0074411576463344325,0.00834652116033902
